iter	MultiClass
0	1.016890861
1	0.9095905237
2	0.8435031375
3	0.768425353
4	0.7125555991
5	0.6759116078
6	0.6308325893
7	0.5900763167
8	0.5529550278
9	0.5223960989
10	0.5029624286
11	0.4747762312
12	0.4552532832
13	0.4410071822
14	0.4287419431
15	0.4127458198
16	0.4063759179
17	0.3947151883
18	0.3802639987
19	0.3720923527
